{
  "combination": [
    0,
    10,
    0,
    5,
    6
  ],
  "lcoh2": 328.43959513008133,
  "total_time_taken": "0:00:02.459431"
}